URL,Title,Title Length,Meta Description,Meta Length,H1 Count,H2 Count,Canonical,Robots,Images,Missing Alt,Internal Links,External Links,Broken Links,Word Count,Top Keywords,Load Time (s)
https://www.firstbittech.com,Unified Platform for Digital Marketing Agencies,47,"All-in-one platform for digital marketing agencies to manage campaigns, streamline workflows, track performance, and accelerate growth.",135,1,16,https://www.firstbittech.com/,,17,0,63,17,11,1266,"[('and', 84), ('digital', 49), ('marketing', 27), ('businesses', 21), ('firstbit', 20)]",2.09
https://www.firstbittech.com/,Unified Platform for Digital Marketing Agencies,47,"All-in-one platform for digital marketing agencies to manage campaigns, streamline workflows, track performance, and accelerate growth.",135,1,16,https://www.firstbittech.com/,,17,0,63,17,11,1266,"[('and', 84), ('digital', 49), ('marketing', 27), ('businesses', 21), ('firstbit', 20)]",1.44
https://www.firstbittech.com/about-us,About Us | FirstBit Digital Technologies,40,,0,1,9,https://www.firstbittech.com/about-us,,5,0,47,17,10,848,"[('and', 57), ('digital', 37), ('marketing', 17), ('our', 13), ('website', 12)]",2.65
https://www.firstbittech.com/coming-soon,Coming Soon | FirstBit Digital Technologies,43,,0,0,2,https://www.firstbittech.com/coming-soon,"noindex, nofollow",4,0,47,15,9,245,"[('and', 10), ('digital', 8), ('marketing', 7), ('to', 5), ('us', 5)]",1.53
https://www.firstbittech.com/open-vio,OpenVio | FirstBit Digital Technologies,39,,0,1,8,https://www.firstbittech.com/open-vio,,4,0,50,15,9,807,"[('and', 44), ('digital', 29), ('platforms', 23), ('openvio', 17), ('to', 15)]",1.13
https://www.firstbittech.com/platforms/open-vio-website-builder,OpenVio Website Builder | FirstBit Digital Technologies,55,,0,1,7,https://www.firstbittech.com/platforms/open-vio-website-builder,,5,0,48,17,11,616,"[('and', 30), ('website', 22), ('openvio', 18), ('development', 14), ('digital', 12)]",1.16
https://www.firstbittech.com/platforms/open-vio-project-management,OpenVio Project Management | FirstBit Digital Technologies,58,,0,1,7,https://www.firstbittech.com/platforms/open-vio-project-management,,5,0,48,17,11,631,"[('and', 30), ('digital', 22), ('openvio', 18), ('management', 16), ('project', 14)]",1.56
https://www.firstbittech.com/platforms/agency-operations-management,Agency Operations Management | FirstBit Digital Technologies,60,,0,1,7,https://www.firstbittech.com/platforms/agency-operations-management,,5,0,48,17,11,635,"[('and', 28), ('openvio', 16), ('agency', 14), ('operations', 14), ('digital', 13)]",1.12
https://www.firstbittech.com/expertise,Expertise | FirstBit Digital Technologies,41,,0,1,8,https://www.firstbittech.com/expertise,,5,0,48,17,11,635,"[('and', 37), ('digital', 25), ('marketing', 16), ('development', 15), ('our', 14)]",1.11
https://www.firstbittech.com/expertise/seo-services-patna,SEO Services Patna | FirstBit Digital Technologies,50,,0,1,8,https://www.firstbittech.com/expertise/seo-services-patna,,5,0,47,16,10,667,"[('and', 39), ('seo', 25), ('optimisation', 13), ('digital', 12), ('our', 9)]",1.33
https://www.firstbittech.com/expertise/paid-search-marketing-services-patna,Paid Search Marketing Services Patna | FirstBit Digital Technologies,68,,0,1,8,https://www.firstbittech.com/expertise/paid-search-marketing-services-patna,,5,0,47,16,11,645,"[('and', 38), ('paid', 20), ('search', 17), ('marketing', 13), ('digital', 13)]",1.16
https://www.firstbittech.com/expertise/social-media-marketing-services-patna,Social Media Marketing Services Patna | FirstBit Digital Technologies,69,,0,1,8,https://www.firstbittech.com/expertise/social-media-marketing-services-patna,,5,0,47,16,10,632,"[('and', 38), ('social', 21), ('media', 20), ('marketing', 14), ('digital', 12)]",1.84
https://www.firstbittech.com/expertise/email-marketing-services-patna,Email Marketing Services Patna | FirstBit Digital Technologies,62,,0,1,8,https://www.firstbittech.com/expertise/email-marketing-services-patna,,5,0,47,16,11,595,"[('and', 37), ('marketing', 23), ('email', 20), ('digital', 12), ('to', 8)]",1.31
https://www.firstbittech.com/expertise/content-marketing-services-patna,Content Marketing Services Patna | FirstBit Digital Technologies,64,,0,1,8,https://www.firstbittech.com/expertise/content-marketing-services-patna,,5,0,47,16,10,620,"[('and', 36), ('content', 35), ('marketing', 21), ('digital', 13), ('to', 9)]",1.11
https://www.firstbittech.com/expertise/website-ai-chatbot-solution-services-patna,Website AI Chatbot Solution Services Patna | FirstBit Digital Technologies,74,,0,1,8,https://www.firstbittech.com/expertise/website-ai-chatbot-solution-services-patna,,5,0,47,16,10,615,"[('and', 26), ('chatbot', 15), ('digital', 12), ('to', 12), ('for', 10)]",1.15
