URL,Title,Meta Description,H1 Tags,H2 Tags,Internal Links Count,Images Missing Alt
https://www.firstbittech.com/,Unified Platform for Digital Marketing Agencies,"All-in-one platform for digital marketing agencies to manage campaigns, streamline workflows, track performance, and accelerate growth.",Helping Businesses Grow Online withTechnology That Scales,"Operational ExcellenceProven at Scale. Trusted Globally., Who We AreDigital Growth Expertise Powered by Scalable Technology, What We DoEnd-to-End Digital Growth Solutions and Operations Support, OpenVio Platform Ecosystem, OpenVio Website Builder, OpenVio Digital Marketing Project Management, OpenVio Agency Operations, Platforms We've Built Using OpenVio, Our Expertise, Turnkey Digital SolutionsFrom Strategy to Scale, PartnersWho We Work With, Why Choose UsWhy Choose FirstBit Digital Technologies?, Let’s Build and Grow Together, FAQsFrequently Asked Questions, QUICK LINKS, Contact Us",36,0
https://www.firstbittech.com/expertise/graphics-design-services-patna,Graphics Design Services Patna | FirstBit Digital Technologies,No Meta Description,Strategic Graphics Design Built for Brand Clarity and Digital Impact,"Our Design Approach, What Our Graphics Design Services Include, Who This Service Is For, Why Choose FirstBit for Graphics Design, Let’s Build a Strong Visual Identity, FAQsFrequently Asked Questions, QUICK LINKS, Contact Us",36,0
https://www.firstbittech.com/open-vio,OpenVio | FirstBit Digital Technologies,No Meta Description,Digital Platforms Built to Power Growth and Operations,"Platforms Built from Real Execution Experience, The OpenVio Platform Suite, How Our Platforms Support Growth, Why Choose FirstBit Platforms, Explore The OpenVio Platform Suite, FAQsFrequently Asked Questions, QUICK LINKS, Contact Us",36,0
https://www.firstbittech.com/coming-soon,Coming Soon | FirstBit Digital Technologies,No Meta Description,,"QUICK LINKS, Contact Us",36,0
https://www.firstbittech.com/contact-us,Contact Us | FirstBit Digital Technologies,No Meta Description,Contact Us,"Drop Us a Line, QUICK LINKS, Contact Us",36,0
https://www.firstbittech.com/expertise/saas-product-development-services-patna,Saas Product Development Services Patna | FirstBit Digital Technologies,No Meta Description,Scalable SaaS Product Development Built for Market Growth,"Our SaaS Development Approach, What Our SaaS Product Development Services Include, Built on Real Platform Experience, Who This Service Is For, Why Choose FirstBit for SaaS Development, Let’s Build a SaaS Product That Scales, FAQsFrequently Asked Questions, QUICK LINKS, Contact Us",36,0
https://www.firstbittech.com/expertise/mobile-app-development-services-patna,Mobile App Development Services Patna | FirstBit Digital Technologies,No Meta Description,Scalable Mobile App Development Built for Performance and Growth,"Our Mobile App Development Approach, What Our Mobile App Development Services Include, Who This Service Is For, Why Choose FirstBit for Mobile App Development, Let’s Build a Mobile App That Scales, FAQsFrequently Asked Questions, QUICK LINKS, Contact Us",36,0
https://www.firstbittech.com/platforms/agency-operations-management,Agency Operations Management | FirstBit Digital Technologies,No Meta Description,Unified Operations Management Built for Scale,"What OpenVio Agency Operations Does, Why Growing Agencies and Teams Use It, Built from Real Operational Environments, How It Fits Within the OpenVio Ecosystem, FAQsFrequently Asked Questions, QUICK LINKS, Contact Us",36,0
https://www.firstbittech.com/turnkey-solutions/ai-chatbot-integration,AI Chatbot Integration | FirstBit Digital Technologies,No Meta Description,Intelligent AI Chatbot Integration for Automated Engagement,"Our Integration Approach, What This Includes, Who This Is For, Why Choose FirstBit, Let’s Automate Your Engagement, FAQsFrequently Asked Questions, QUICK LINKS, Contact Us",36,0
https://www.firstbittech.com/privacy-policy,Privacy Policy | FirstBit Digital Technologies,No Meta Description,Privacy Policy,"Information We Collect, QUICK LINKS, Contact Us",36,0
